{
  "generated_at": "2026-06-14T06:26:28",
  "seed": 20260613,
  "vlm_model": "gpt-5.5",
  "our_system": {
    "precision": 0.9887640449438203,
    "recall": 1.0,
    "localization": 1.0,
    "median_magnitude_error": 0.0003112884236328192,
    "consistency": 1.0,
    "n_cases": 50,
    "n_repeats": 3,
    "total_expected": 88,
    "total_reported": 89.0,
    "total_true_positive": 88.0
  },
  "vlm": {
    "precision": 0.6352319968391398,
    "recall": 0.7045454545454546,
    "localization": 0.7613636363636364,
    "median_magnitude_error": 0.047124206414297015,
    "consistency": 0.6960000000000001,
    "n_cases": 50,
    "n_repeats": 3,
    "total_expected": 88,
    "total_reported": 97.66666666666667,
    "total_true_positive": 62.0
  }
}